pin,campaign,months_free
HOST-YHLPVPW35A,founding-hosts-2026-q2,3
HOST-8LBH3JTESR,founding-hosts-2026-q2,3
HOST-ZLWDPLXLXJ,founding-hosts-2026-q2,3
HOST-B5AFLNUASV,founding-hosts-2026-q2,3
HOST-NL9S4QD88V,founding-hosts-2026-q2,3
HOST-WQD9QS4CTV,founding-hosts-2026-q2,3
HOST-JZ4S3M8PLR,founding-hosts-2026-q2,3
HOST-37VYAG6ZX7,founding-hosts-2026-q2,3
HOST-QXUKFLWEF9,founding-hosts-2026-q2,3
HOST-32DNRYGQ9Q,founding-hosts-2026-q2,3
HOST-6VXV7WU7QV,founding-hosts-2026-q2,3
HOST-UKSEXBB25G,founding-hosts-2026-q2,3
HOST-WCSUU7B2F9,founding-hosts-2026-q2,3
HOST-ZBGABNH7ZL,founding-hosts-2026-q2,3
HOST-W46KPHA4HX,founding-hosts-2026-q2,3
HOST-L78HGV9FGP,founding-hosts-2026-q2,3
HOST-5YLTDB5B9V,founding-hosts-2026-q2,3
HOST-YFEAZSUQCY,founding-hosts-2026-q2,3
HOST-ZELD6WJJQ2,founding-hosts-2026-q2,3
HOST-APTK7ZYXTD,founding-hosts-2026-q2,3
HOST-62VJPDFTXU,founding-hosts-2026-q2,3
HOST-CGEKXUV8GJ,founding-hosts-2026-q2,3
HOST-86UT7DEAAP,founding-hosts-2026-q2,3
HOST-75K53DWZYN,founding-hosts-2026-q2,3
HOST-YV7VTPYUPY,founding-hosts-2026-q2,3
HOST-ZQ68AHJ768,founding-hosts-2026-q2,3
HOST-GZFEEM5NEF,founding-hosts-2026-q2,3
HOST-UFDUQGKU9B,founding-hosts-2026-q2,3
HOST-8AZV48HVME,founding-hosts-2026-q2,3
HOST-QKXJWCFG7X,founding-hosts-2026-q2,3
HOST-WJB5TFLPPW,founding-hosts-2026-q2,3
HOST-6U2TY8D37C,founding-hosts-2026-q2,3
HOST-Z89YAGECUP,founding-hosts-2026-q2,3
HOST-VGLV72SXJU,founding-hosts-2026-q2,3
HOST-6JQ3GNBXH7,founding-hosts-2026-q2,3
HOST-W8UBPKZZGQ,founding-hosts-2026-q2,3
HOST-XJJ6CZU6XQ,founding-hosts-2026-q2,3
HOST-5EG4AY7KQD,founding-hosts-2026-q2,3
HOST-USZAXJGXR9,founding-hosts-2026-q2,3
HOST-9K644G4ZR8,founding-hosts-2026-q2,3
HOST-2SFC6ECD7K,founding-hosts-2026-q2,3
HOST-V2BDM63HNW,founding-hosts-2026-q2,3
HOST-WGMCJWKPR4,founding-hosts-2026-q2,3
HOST-RXNAY2VTZF,founding-hosts-2026-q2,3
HOST-KC8DFNJV6N,founding-hosts-2026-q2,3
HOST-MQ24WE3HLB,founding-hosts-2026-q2,3
HOST-WNM3F4XM4D,founding-hosts-2026-q2,3
HOST-97GZUFSAMR,founding-hosts-2026-q2,3
HOST-S4CDDKPXVA,founding-hosts-2026-q2,3
HOST-6H2BFQBRNR,founding-hosts-2026-q2,3
HOST-7QJ69SLQM6,founding-hosts-2026-q2,3
HOST-XAPRCGPXBV,founding-hosts-2026-q2,3
HOST-FQEHAKW4WQ,founding-hosts-2026-q2,3
HOST-KRQSU6EE55,founding-hosts-2026-q2,3
HOST-9LJXFSCQZP,founding-hosts-2026-q2,3
HOST-EYP2E4A2QZ,founding-hosts-2026-q2,3
HOST-4GQSAXZ765,founding-hosts-2026-q2,3
HOST-XDY4P43Y3D,founding-hosts-2026-q2,3
HOST-GXSRRWDLXT,founding-hosts-2026-q2,3
HOST-BLJNERMGLD,founding-hosts-2026-q2,3
HOST-XJHZ572UJX,founding-hosts-2026-q2,3
HOST-TRNR2566JQ,founding-hosts-2026-q2,3
HOST-RLKWWSG6RV,founding-hosts-2026-q2,3
HOST-GCHKRR36GG,founding-hosts-2026-q2,3
HOST-4QZZ8EMJWU,founding-hosts-2026-q2,3
HOST-WEG396ETLT,founding-hosts-2026-q2,3
HOST-RAKKMD7942,founding-hosts-2026-q2,3
HOST-GKPD53RR23,founding-hosts-2026-q2,3
HOST-RTB4N6ZMTX,founding-hosts-2026-q2,3
HOST-TC6BBBDQ67,founding-hosts-2026-q2,3
HOST-K64RQZR3K5,founding-hosts-2026-q2,3
HOST-J5SGJKRS29,founding-hosts-2026-q2,3
HOST-VLKC8UC55D,founding-hosts-2026-q2,3
HOST-FMWCLT3YSY,founding-hosts-2026-q2,3
HOST-MWCTYHHYC3,founding-hosts-2026-q2,3
HOST-WBRR42ZNH7,founding-hosts-2026-q2,3
HOST-YJA772NQZJ,founding-hosts-2026-q2,3
HOST-Z6HL87E4S3,founding-hosts-2026-q2,3
HOST-PD8TYXFLCJ,founding-hosts-2026-q2,3
HOST-AYZET54SMY,founding-hosts-2026-q2,3
HOST-VBU7Q4T5QV,founding-hosts-2026-q2,3
HOST-WQHMTRBMYA,founding-hosts-2026-q2,3
HOST-ZDJPW8PMGK,founding-hosts-2026-q2,3
HOST-5DEZM3QQD4,founding-hosts-2026-q2,3
HOST-E2KJT998HQ,founding-hosts-2026-q2,3
HOST-AND83TZNUX,founding-hosts-2026-q2,3
HOST-JUAR55NFKT,founding-hosts-2026-q2,3
HOST-Z4NPWGAHLM,founding-hosts-2026-q2,3
HOST-HZZM5CS8F8,founding-hosts-2026-q2,3
HOST-2ZG8XU9FBG,founding-hosts-2026-q2,3
HOST-5NGUE35UBP,founding-hosts-2026-q2,3
HOST-6PFSP486FV,founding-hosts-2026-q2,3
HOST-YYLU3VJRRY,founding-hosts-2026-q2,3
HOST-TJ6D65G69Q,founding-hosts-2026-q2,3
HOST-G4AA4V4CL6,founding-hosts-2026-q2,3
HOST-DJL9E69C89,founding-hosts-2026-q2,3
HOST-T98DZTXND2,founding-hosts-2026-q2,3
HOST-8QNS6ES4FS,founding-hosts-2026-q2,3
HOST-X2Q57632U4,founding-hosts-2026-q2,3
HOST-4PC49VWMV2,founding-hosts-2026-q2,3
